Date,BTC,ETH,BNB,SOL,XRP,DOGE,ADA,TRX,SHIB,AVAX,LINK,DOT,BCH,UNI,NEAR,MATIC,LTC,PEPE,FET,ICP,S&P 500,NASDAQ
2024-01-02,42845.23,2209.72,315.8,98.52,0.5823,0.08201,0.5569,0.10675,9.57e-06,36.8,14.148,7.626,234.0,6.433,3.771,0.8539,65.24,1.18e-06,0.6581,14.398,4742.830078125,14765.9404296875
2024-01-03,44151.1,2267.11,323.7,104.91,0.5868,0.08401,0.5699,0.10696,9.99e-06,38.72,14.526,7.879,239.5,6.53,3.91,0.883,66.41,1.25e-06,0.7261,13.864,4704.81005859375,14592.2099609375
2024-01-04,44145.11,2268.78,317.5,99.94,0.5757,0.08267,0.5414,0.10438,9.81e-06,36.46,14.091,7.45,239.3,6.434,3.552,0.8525,66.0,1.19e-06,0.6896,13.306,4688.68017578125,14510.2998046875
2024-01-05,43968.32,2240.78,307.5,93.77,0.5679,0.08058,0.5227,0.10387,9.61e-06,34.61,13.436,7.133,236.1,6.308,3.479,0.8281,65.64,1.15e-06,0.6485,12.007,4697.240234375,14524.0703125
2024-01-06,43929.02,2221.42,302.4,89.44,0.5515,0.07824,0.4945,0.1028,9.02e-06,33.64,13.151,6.899,232.5,6.004,3.215,0.8011,64.27,1.12e-06,0.622,11.276,,
2024-01-07,46951.04,2330.44,303.7,97.88,0.5776,0.0813,0.5412,0.1042,9.58e-06,36.08,14.139,7.483,253.9,6.24,3.416,0.8416,67.73,1.19e-06,0.6818,13.712,,
2024-01-08,46110.0,2344.29,301.1,99.36,0.5669,0.07923,0.5124,0.10277,9.67e-06,34.65,13.716,7.129,244.8,6.011,3.222,0.8066,66.99,1.2e-06,0.6468,12.742,4763.5400390625,14843.76953125
2024-01-09,46653.99,2584.38,305.8,102.0,0.6008,0.08307,0.566,0.10524,9.98e-06,38.53,15.072,7.991,254.7,6.568,3.603,0.8992,70.1,1.33e-06,0.7171,13.899,4756.5,14857.7099609375
2024-01-10,46339.16,2618.01,308.2,99.9,0.6019,0.08456,0.582,0.10619,1.015e-05,39.29,15.022,8.148,276.1,6.819,3.612,0.9263,71.88,1.37e-06,0.7251,13.088,4783.4501953125,14969.650390625
2024-01-11,42782.73,2522.54,296.6,92.12,0.5699,0.08007,0.5476,0.10684,9.64e-06,35.93,14.151,7.567,259.3,6.579,3.458,0.8635,72.97,1.24e-06,0.6853,12.232,4780.240234375,14970.1904296875
2024-01-12,42847.99,2578.19,302.2,95.85,0.5747,0.08092,0.5491,0.11424,9.88e-06,36.49,14.345,7.617,254.1,6.632,3.404,0.8818,71.98,1.25e-06,0.6891,12.918,4783.830078125,14972.759765625
2024-01-13,41732.35,2472.87,299.5,93.81,0.5763,0.08003,0.5251,0.11121,9.58e-06,35.29,14.755,7.319,245.7,6.319,3.307,0.8374,69.78,1.19e-06,0.6515,12.598,,
2024-01-14,42511.1,2511.78,317.5,94.36,0.5757,0.08108,0.5276,0.10865,9.54e-06,35.61,15.185,7.509,250.2,6.671,3.306,0.8447,69.13,1.21e-06,0.6846,12.888,,
2024-01-15,43137.95,2587.4,315.2,97.61,0.5757,0.08134,0.5356,0.10807,9.67e-06,35.57,15.271,7.493,251.2,6.825,3.24,0.845,69.44,1.24e-06,0.6903,12.685,,
2024-01-16,42776.1,2530.19,309.4,102.1,0.5685,0.08059,0.5282,0.10838,9.53e-06,36.06,15.761,7.35,244.2,6.77,3.308,0.8103,69.46,1.21e-06,0.6773,12.174,4765.97998046875,14944.349609375
2024-01-17,41327.5,2470.81,313.0,94.4,0.552,0.07808,0.5026,0.10813,9.21e-06,33.59,14.658,7.017,237.7,6.32,3.083,0.7861,68.11,1.14e-06,0.6191,11.485,4739.2099609375,14855.6201171875
2024-01-18,41659.03,2492.0,314.7,93.62,0.5443,0.07857,0.5044,0.1105,9.31e-06,32.73,16.118,6.894,236.8,6.357,3.01,0.7621,71.29,1.14e-06,0.6179,11.213,4780.93994140625,15055.650390625
2024-01-19,41696.04,2472.01,317.2,92.88,0.5534,0.08777,0.516,0.11006,9.68e-06,32.89,15.781,6.913,239.1,6.497,2.967,0.7871,71.36,1.17e-06,0.6124,11.439,4839.81005859375,15310.9697265625
2024-01-20,41580.33,2457.05,318.6,91.09,0.5464,0.08546,0.5032,0.10895,9.35e-06,32.54,15.396,6.817,236.9,6.377,2.922,0.7835,71.75,1.13e-06,0.5933,11.107,,
2024-01-21,39568.02,2314.2,305.9,83.84,0.5275,0.08057,0.4786,0.10931,8.93e-06,29.53,14.598,6.341,235.7,6.048,2.649,0.7473,67.36,1.06e-06,0.5599,10.476,,
2024-01-22,39897.6,2242.6,298.8,84.35,0.5183,0.07821,0.4773,0.10722,8.83e-06,30.63,14.3,6.361,229.6,5.842,2.65,0.7255,65.5,1.04e-06,0.5706,10.484,4850.43017578125,15360.2900390625
2024-01-23,40084.88,2235.02,293.1,88.77,0.5181,0.07904,0.4765,0.10882,8.9e-06,31.2,14.243,6.462,236.3,5.866,2.68,0.739,66.13,1.04e-06,0.6008,11.529,4864.60009765625,15425.9404296875
2024-01-24,39961.09,2218.64,292.1,86.91,0.5138,0.07795,0.4666,0.11212,8.87e-06,30.51,13.744,6.438,236.6,5.75,2.696,0.7324,65.5,1.03e-06,0.5797,11.141,4868.5498046875,15481.919921875
2024-01-25,41823.51,2267.68,302.2,92.28,0.5323,0.07985,0.4849,0.11448,9.04e-06,32.26,14.187,6.672,241.8,5.949,2.917,0.759,67.05,1.08e-06,0.61,12.157,4894.16015625,15510.5
2024-01-26,42120.63,2267.94,305.6,94.28,0.5303,0.08014,0.4862,0.11244,9.13e-06,33.28,14.345,6.669,243.7,5.986,2.912,0.7881,68.06,1.09e-06,0.6235,12.719,4890.97021484375,15455.3603515625
2024-01-27,42031.06,2256.9,305.3,95.98,0.5241,0.07882,0.4903,0.11224,9e-06,34.82,14.48,6.872,236.9,5.942,2.88,0.789,68.35,1.06e-06,0.602,12.339,,
2024-01-28,43302.7,2317.6,310.7,101.68,0.5352,0.08135,0.526,0.11304,9.2e-06,36.06,15.004,7.032,241.3,6.145,3.008,0.8131,68.43,1.07e-06,0.6281,12.551,,
2024-01-29,42941.1,2343.01,307.6,101.4,0.5107,0.07972,0.5136,0.11206,9.05e-06,35.22,15.475,6.836,237.4,6.257,3.011,0.7993,67.47,1.01e-06,0.5997,11.73,4927.93017578125,15628.0400390625
2024-01-30,42580.0,2283.14,300.5,96.96,0.5033,0.07875,0.4976,0.11226,8.94e-06,33.17,15.429,6.654,234.3,6.001,2.823,0.7872,66.76,9.2e-07,0.5665,11.471,4924.97021484375,15509.900390625
2024-01-31,43082.94,2304.28,300.2,97.81,0.5058,0.07937,0.5078,0.11564,9.03e-06,33.85,17.19,6.791,236.6,6.049,2.855,0.8113,67.54,9.2e-07,0.5418,11.668,4845.64990234375,15164.009765625
2024-02-01,43200.0,2309.06,301.4,100.58,0.5105,0.07928,0.5146,0.11629,9.08e-06,36.76,17.828,6.947,236.3,6.136,2.9,0.7998,68.05,9.3e-07,0.5694,12.744,4906.18994140625,15361.6396484375
2024-02-02,43011.09,2296.49,299.7,97.96,0.5186,0.07874,0.5124,0.11724,9.11e-06,35.95,17.658,6.825,241.0,6.108,2.815,0.7849,68.81,9.3e-07,0.5617,12.737,4958.60986328125,15628.9501953125
2024-02-03,42582.88,2289.79,304.7,95.49,0.5032,0.07831,0.4934,0.11843,8.9e-06,34.87,18.153,6.666,235.2,5.981,2.754,0.7735,66.94,8.8e-07,0.5245,12.739,,
2024-02-04,42708.7,2301.83,301.2,95.66,0.5069,0.07835,0.4944,0.11898,8.91e-06,34.55,19.164,6.737,235.8,6.005,2.751,0.7804,67.7,9e-07,0.5272,12.245,,
2024-02-05,43098.95,2372.64,302.7,96.88,0.505,0.07849,0.4983,0.12101,8.86e-06,34.16,18.287,6.807,235.2,6.278,2.736,0.8054,68.29,9e-07,0.5288,12.145,4942.81005859375,15597.6796875
2024-02-06,44349.6,2425.1,307.3,101.14,0.5138,0.08013,0.5022,0.1236,9.06e-06,35.28,18.817,6.941,240.6,6.393,2.87,0.8343,68.62,9.7e-07,0.5585,12.319,4954.22998046875,15609.0
2024-02-07,45288.65,2419.55,319.2,102.76,0.5147,0.07987,0.5304,0.12189,9.21e-06,35.42,18.212,7.013,244.6,6.316,2.922,0.8337,70.53,9.5e-07,0.559,12.187,4995.06005859375,15756.6396484375
2024-02-08,47132.77,2486.56,324.0,106.94,0.5262,0.08155,0.5407,0.1237,9.39e-06,38.0,18.47,7.196,250.3,6.654,2.995,0.8526,70.64,1.01e-06,0.6083,12.855,4997.91015625,15793.7099609375
2024-02-09,47751.09,2500.24,323.0,109.01,0.5239,0.08142,0.5515,0.12436,9.41e-06,40.2,19.084,7.2,247.8,6.628,3.043,0.8487,70.8,1.01e-06,0.6276,13.129,5026.60986328125,15990.66015625
2024-02-10,48299.99,2507.21,320.7,107.46,0.5261,0.08123,0.5414,0.12422,9.41e-06,39.72,20.146,7.099,277.6,6.683,3.125,0.8355,71.55,1e-06,0.6313,12.976,,
2024-02-11,49917.27,2659.99,327.8,111.64,0.5315,0.08223,0.5592,0.125,9.61e-06,40.97,20.465,7.34,280.5,6.836,3.381,0.8795,72.82,1.08e-06,0.6675,13.265,,
2024-02-12,49699.59,2639.99,324.7,112.48,0.5247,0.08105,0.5449,0.12687,9.47e-06,39.74,19.87,7.353,270.4,6.68,3.214,0.8538,68.97,1.08e-06,0.6673,12.925,5021.83984375,15942.5498046875
2024-02-13,51795.17,2774.81,333.9,116.97,0.5378,0.0855,0.5768,0.12956,9.75e-06,42.22,20.24,7.649,280.7,6.889,3.334,0.8899,69.81,1.25e-06,0.6815,13.585,4953.169921875,15655.599609375
2024-02-14,51880.0,2822.59,354.2,113.5,0.5622,0.08528,0.6087,0.13104,9.86e-06,41.55,19.932,7.781,270.4,7.506,3.399,0.8896,69.76,1.25e-06,0.6536,13.501,5000.6201171875,15859.150390625
2024-02-15,52124.11,2801.8,360.4,110.33,0.5643,0.08591,0.5986,0.13282,9.87e-06,40.26,19.551,7.647,274.2,7.44,3.279,0.9512,70.59,1.17e-06,0.7074,13.125,5029.72998046875,15906.169921875
2024-02-16,51642.64,2785.93,352.9,108.92,0.5496,0.08356,0.6096,0.1359,9.63e-06,39.76,20.032,7.704,267.3,7.766,3.331,0.9281,69.97,1.19e-06,0.7872,13.176,5005.56982421875,15775.650390625
2024-02-17,52137.67,2881.2,349.8,112.24,0.5571,0.08517,0.6193,0.13518,9.74e-06,40.29,20.119,7.86,270.6,7.657,3.521,0.9992,70.8,1.23e-06,0.8239,13.656,,
2024-02-18,51774.73,2944.8,351.6,111.53,0.5626,0.08942,0.6308,0.13636,9.9e-06,39.51,19.832,8.029,273.1,7.698,3.529,0.9969,71.3,1.23e-06,0.9793,14.605,,
2024-02-19,52258.82,3014.81,354.6,108.31,0.5622,0.08615,0.6216,0.13921,9.76e-06,38.49,19.281,7.731,265.2,7.559,3.395,1.0226,69.65,1.2e-06,1.0547,13.73,,
2024-02-20,51849.39,2967.9,379.2,105.03,0.5491,0.08457,0.5988,0.13971,9.56e-06,37.61,18.594,7.466,263.1,7.391,3.241,0.9511,68.9,1.15e-06,1.1455,13.182,4975.509765625,15630.7802734375
2024-02-21,51288.42,2971.4,382.6,101.76,0.541,0.0841,0.5858,0.13901,9.53e-06,36.78,18.121,7.48,260.4,7.36,3.25,0.9926,68.8,1.21e-06,1.1053,12.737,4981.7998046875,15580.8701171875
2024-02-22,50744.15,2922.24,375.5,99.9,0.5342,0.08451,0.5824,0.13817,9.52e-06,35.92,17.935,7.563,264.7,11.4,3.364,0.9867,68.8,1.19e-06,1.0581,12.363,5087.02978515625,16041.6201171875
2024-02-23,51568.22,2992.62,381.7,104.01,0.545,0.08615,0.5969,0.13742,9.65e-06,36.76,18.533,7.819,267.7,11.259,3.864,0.9939,70.41,1.32e-06,1.078,12.519,5088.7998046875,15996.8203125
2024-02-24,51728.85,3112.59,388.5,103.47,0.5425,0.08612,0.5914,0.13765,9.67e-06,37.46,18.722,7.923,267.9,11.138,3.704,0.9987,70.16,1.37e-06,1.1037,12.485,,
2024-02-25,54476.47,3175.94,401.6,109.9,0.5506,0.08923,0.6191,0.13983,1.006e-05,39.29,19.083,8.109,274.7,10.612,4.097,1.059,71.93,1.81e-06,1.1159,12.937,,
2024-02-26,57037.34,3242.36,394.6,108.36,0.5861,0.09758,0.6239,0.14288,1.089e-05,39.26,19.023,8.371,292.8,10.832,3.941,1.0284,73.97,2.67e-06,1.0753,13.017,5069.52978515625,15976.25
2024-02-27,62432.1,3383.1,414.6,119.03,0.575,0.11585,0.6287,0.14214,1.171e-05,40.33,19.43,8.342,296.4,10.927,3.897,1.009,74.48,3.18e-06,1.3484,12.638,5078.18017578125,16035.2998046875
2024-02-28,61130.98,3340.09,399.4,125.68,0.5867,0.11732,0.6547,0.14049,1.256e-05,40.97,19.274,8.261,297.6,11.124,3.877,1.0014,79.92,2.74e-06,1.4711,12.598,5069.759765625,15947.740234375
2024-02-29,62387.9,3433.43,407.4,129.43,0.6013,0.13934,0.7195,0.14148,1.687e-05,42.67,20.051,8.661,316.3,11.565,3.957,1.0249,84.87,3.99e-06,1.724,12.953,5096.27001953125,16091.919921875
2024-03-01,61987.28,3421.4,410.9,130.02,0.6442,0.14196,0.7416,0.1412,2.259e-05,44.35,21.398,9.463,501.1,12.609,4.484,1.0946,94.49,4.38e-06,1.8011,13.292,5137.080078125,16274.9404296875
2024-03-02,63113.97,3487.81,414.5,130.16,0.6271,0.15347,0.7279,0.14065,2.252e-05,42.58,20.507,9.781,470.5,12.638,4.432,1.0893,90.7,5.93e-06,1.7702,13.181,,
2024-03-03,68245.71,3627.76,418.4,133.27,0.6477,0.18196,0.7701,0.14026,3.591e-05,43.08,20.416,9.862,473.5,12.358,4.34,1.1445,88.95,7.01e-06,1.725,13.373,,
2024-03-04,63724.01,3553.65,394.1,125.31,0.5912,0.15304,0.6923,0.13585,3.514e-05,39.43,18.973,9.32,401.0,13.184,4.245,1.0333,81.93,6.31e-06,1.736,14.066,5130.9501953125,16207.509765625
2024-03-05,66074.04,3818.59,429.4,130.79,0.6121,0.15784,0.7349,0.13775,3.327e-05,41.56,20.085,10.544,415.8,15.406,5.895,1.1182,85.87,7.2e-06,2.428,15.345,5078.64990234375,15939.58984375
2024-03-06,66823.17,3868.76,474.6,143.82,0.627,0.15764,0.7427,0.13709,3.15e-05,43.2,20.091,10.402,432.1,14.875,5.521,1.1605,88.0,6.81e-06,2.5759,14.911,5104.759765625,16031.5400390625
2024-03-07,68124.19,3883.36,485.8,144.79,0.62,0.16457,0.7228,0.13662,3.518e-05,42.61,19.699,10.637,436.5,14.582,5.745,1.1254,88.32,9.01e-06,2.7453,14.648,5157.35986328125,16273.3798828125
2024-03-08,68313.27,3905.21,488.3,144.29,0.6197,0.17875,0.7416,0.13579,3.495e-05,42.92,19.972,10.493,432.2,14.184,6.193,1.1566,90.67,8.76e-06,3.0775,14.762,5123.68994140625,16085.1103515625
2024-03-09,68955.88,3878.47,528.9,144.39,0.608,0.16997,0.7166,0.13377,3.286e-05,42.05,21.68,10.261,423.4,14.233,5.947,1.2283,87.43,8.54e-06,2.7662,14.136,,
2024-03-10,72078.1,4064.8,523.0,148.83,0.723,0.182,0.7754,0.13372,3.386e-05,49.09,21.277,11.043,448.4,14.437,6.679,1.2403,103.86,9.04e-06,2.7033,15.035,,
2024-03-11,71452.01,3979.96,537.5,151.05,0.688,0.16816,0.7481,0.13142,3.22e-05,55.48,20.704,10.736,435.0,14.063,8.078,1.1818,97.52,8.28e-06,2.6735,14.723,5117.93994140625,16019.26953125
2024-03-12,73072.41,4004.79,630.5,163.9,0.6891,0.16897,0.7638,0.13194,3.202e-05,54.79,20.751,11.374,442.5,14.227,7.761,1.2704,97.24,9.03e-06,2.6555,14.503,5175.27001953125,16265.6396484375
2024-03-13,71388.94,3881.7,603.2,176.65,0.669,0.17719,0.7509,0.12913,3.221e-05,53.95,20.88,11.558,440.5,13.947,8.861,1.2221,94.08,9.96e-06,2.8513,13.927,5165.31005859375,16177.76953125
2024-03-14,69499.85,3742.19,632.7,183.95,0.6342,0.16357,0.7274,0.12633,2.99e-05,58.36,19.63,10.81,416.7,13.066,7.487,1.1414,89.75,8.92e-06,2.6836,12.885,5150.47998046875,16128.5302734375
2024-03-15,65300.63,3523.09,576.4,182.05,0.6031,0.14253,0.6591,0.12527,2.54e-05,53.44,18.115,9.682,388.6,12.029,6.727,1.0424,84.12,7.43e-06,2.4223,12.234,5117.08984375,15973.169921875
2024-03-16,68393.48,3644.71,571.7,201.86,0.6191,0.15428,0.6814,0.12624,2.955e-05,58.45,18.666,10.083,402.6,12.422,8.244,1.0886,85.93,7.84e-06,2.8099,12.579,,
2024-03-17,67609.99,3520.46,555.4,195.92,0.6453,0.14353,0.6603,0.12408,2.684e-05,60.65,18.301,9.902,401.0,11.877,7.026,1.0304,86.77,6.82e-06,2.4885,12.373,,
2024-03-18,61937.4,3158.64,507.7,169.82,0.5845,0.12881,0.5864,0.11244,2.489e-05,53.63,16.805,8.766,358.8,10.614,6.354,0.9319,78.45,6.6e-06,2.3792,10.917,5149.419921875,16103.4501953125
2024-03-19,67840.51,3516.53,556.8,191.77,0.6107,0.15209,0.6396,0.12071,2.775e-05,57.06,18.412,9.483,410.0,11.913,6.912,1.0081,84.65,8.39e-06,2.7465,11.923,5178.509765625,16166.7900390625
2024-03-20,65501.27,3492.85,553.8,179.46,0.6404,0.15537,0.6318,0.12115,2.72e-05,53.82,18.458,9.179,414.4,12.183,6.449,0.9956,85.75,7.9e-06,2.5148,12.738,5224.6201171875,16369.41015625
2024-03-21,63796.64,3336.35,553.8,175.21,0.6115,0.15292,0.6147,0.11737,2.654e-05,53.44,18.367,8.936,431.4,11.759,6.491,0.9732,83.4,7.42e-06,2.4283,13.352,5241.52978515625,16401.83984375
2024-03-22,63990.01,3329.53,551.9,172.65,0.6167,0.1619,0.6232,0.11823,2.712e-05,53.45,18.063,8.968,455.9,11.614,6.617,0.9792,85.26,7.31e-06,2.4178,13.479,5234.18017578125,16428.8203125
2024-03-23,67209.99,3454.98,567.7,183.88,0.6325,0.17651,0.6468,0.12014,2.807e-05,55.68,18.518,9.37,485.1,12.039,7.001,1.0116,89.65,7.82e-06,2.5838,15.129,,
2024-03-24,69880.01,3590.42,587.0,188.99,0.6406,0.17526,0.6567,0.12043,2.87e-05,57.76,19.375,9.735,487.4,12.429,7.45,1.0456,90.58,8.09e-06,2.6643,17.655,,
2024-03-25,69988.0,3587.33,580.4,190.46,0.6317,0.1823,0.665,0.12079,3.064e-05,55.78,20.007,9.689,479.3,12.692,7.663,1.046,95.77,8.04e-06,2.8292,19.019,5218.18994140625,16384.470703125
2024-03-26,69469.99,3501.19,574.3,186.33,0.6118,0.19047,0.6478,0.11933,3.018e-05,54.1,19.289,9.445,539.1,12.246,7.255,1.0087,93.55,7.63e-06,3.1064,18.392,5203.580078125,16315.7001953125
2024-03-27,70780.6,3560.49,583.4,189.63,0.6244,0.22001,0.6511,0.12044,3.202e-05,54.63,19.148,9.522,567.4,12.749,7.191,1.0021,94.11,8.03e-06,3.2624,18.035,5248.490234375,16399.51953125
2024-03-28,69850.54,3509.74,612.5,192.01,0.6301,0.213,0.6643,0.11989,3.079e-05,53.33,18.967,9.601,620.6,12.642,6.974,0.9907,109.06,7.74e-06,3.1026,17.203,5254.35009765625,16379.4599609375
2024-03-29,69582.18,3505.64,600.7,194.2,0.6212,0.19912,0.6436,0.12256,2.982e-05,52.93,18.933,9.429,597.6,12.607,6.938,0.9795,102.84,8.13e-06,3.2046,17.882,,
2024-03-30,71280.01,3645.29,606.7,202.45,0.6292,0.22,0.6501,0.12296,3.074e-05,54.06,19.171,9.647,678.7,12.947,7.294,1.0033,105.01,8.8e-06,3.0508,18.776,,
2024-03-31,69649.8,3503.8,575.8,192.24,0.611,0.20503,0.6212,0.12051,2.864e-05,51.38,18.358,9.143,647.6,12.416,6.733,0.9508,99.2,7.92e-06,2.8803,18.032,,
2024-04-01,65463.99,3278.96,551.4,181.53,0.5854,0.18248,0.5807,0.11662,2.641e-05,46.86,17.952,8.582,639.0,11.302,6.216,0.9003,106.75,7.25e-06,2.67,17.906,5243.77001953125,16396.830078125
2024-04-02,65963.28,3310.83,561.5,185.05,0.5742,0.17522,0.5693,0.11712,2.633e-05,45.89,17.687,8.416,592.8,10.868,6.596,0.895,98.33,6.8e-06,2.5802,17.833,5205.81005859375,16240.4501953125
2024-04-03,68487.79,3327.4,585.5,184.0,0.5935,0.17998,0.5831,0.11915,2.77e-05,46.5,17.791,8.486,665.4,10.976,6.727,0.9055,98.38,6.92e-06,2.6985,17.851,5211.490234375,16277.4599609375
2024-04-04,67820.62,3317.85,577.8,174.37,0.5871,0.1772,0.5741,0.1179,2.679e-05,45.3,17.325,8.379,657.3,10.926,7.222,0.8839,97.82,6.57e-06,2.6104,16.854,5147.2099609375,16049.080078125
2024-04-05,68896.0,3351.59,585.4,178.68,0.593,0.18577,0.5836,0.11959,2.743e-05,48.19,17.559,8.494,693.9,11.241,7.022,0.8973,101.6,6.76e-06,2.6308,17.032,5204.33984375,16248.51953125
2024-04-06,69360.39,3454.2,583.9,179.52,0.5944,0.19887,0.5892,0.12056,2.818e-05,49.32,17.913,8.704,684.8,11.401,6.916,0.9114,101.21,7.44e-06,2.7068,17.134,,
2024-04-07,71620.0,3694.61,586.4,180.68,0.6147,0.2026,0.6137,0.12303,2.874e-05,49.86,18.101,9.043,681.4,11.624,7.358,0.9473,103.27,7.76e-06,2.8067,17.792,,
2024-04-08,69146.0,3506.39,580.5,172.42,0.6141,0.18912,0.5912,0.12109,2.748e-05,46.47,17.362,8.659,671.8,11.212,7.227,0.8974,97.53,7.04e-06,2.5856,16.064,5202.39013671875,16253.9599609375
2024-04-09,70631.08,3545.64,609.7,173.31,0.6172,0.19971,0.5862,0.1191,2.805e-05,47.3,17.417,8.408,629.2,10.047,6.983,0.8873,96.71,7.14e-06,2.6643,15.965,5209.91015625,16306.6396484375
2024-04-10,70006.23,3502.52,604.6,172.37,0.6086,0.1938,0.5858,0.1203,2.751e-05,46.01,17.555,8.384,614.2,9.139,6.795,0.878,98.78,7.31e-06,2.5486,15.507,5160.64013671875,16170.3603515625
2024-04-11,67116.52,3237.43,595.6,153.16,0.5468,0.17403,0.5027,0.1148,2.475e-05,39.34,15.156,7.24,533.2,7.922,5.788,0.7654,86.08,5.92e-06,2.14,13.921,5199.06005859375,16442.19921875
2024-04-12,63924.51,3007.01,553.1,138.47,0.4788,0.15254,0.4449,0.11006,2.11e-05,33.89,13.288,6.388,479.6,6.91,5.215,0.653,77.33,5.04e-06,1.9512,12.348,5123.41015625,16175.08984375
2024-04-13,65661.84,3155.11,566.4,151.25,0.5033,0.16212,0.4673,0.11243,2.271e-05,37.27,14.098,6.855,525.7,7.523,5.721,0.7105,79.72,5.44e-06,2.2256,12.881,,
2024-04-14,63419.99,3101.99,552.7,138.51,0.4977,0.16123,0.461,0.11146,2.192e-05,35.16,13.58,6.708,508.3,7.247,5.221,0.7078,78.1,5.09e-06,2.0505,12.361,,
2024-04-15,63793.39,3084.22,537.6,136.22,0.4965,0.156,0.4583,0.1118,2.268e-05,34.76,13.46,6.702,486.9,7.189,5.493,0.703,79.94,5.4e-06,2.1113,12.242,5061.81982421875,15885.01953125
2024-04-16,61277.37,2985.41,534.1,131.84,0.4951,0.14756,0.444,0.10971,2.205e-05,33.58,13.133,6.583,463.9,6.889,5.407,0.6677,80.19,4.92e-06,1.9865,11.854,5051.41015625,15865.25
2024-04-17,63470.08,3064.4,552.1,142.07,0.5025,0.15221,0.458,0.10925,2.278e-05,34.85,13.887,6.784,483.0,7.296,5.705,0.6757,80.75,5.09e-06,2.0468,12.769,5022.2099609375,15683.3701171875
2024-04-18,63818.01,3056.46,554.0,142.5,0.503,0.15633,0.4682,0.10989,2.287e-05,34.67,13.946,6.682,476.8,7.491,5.586,0.6728,80.87,5.13e-06,2.1079,14.073,5011.1201171875,15601.5
2024-04-19,64940.59,3155.79,570.9,151.22,0.5288,0.1626,0.5072,0.11105,2.617e-05,38.31,14.959,7.241,515.4,7.873,6.218,0.7382,85.04,5.8e-06,2.4909,15.532,4967.22998046875,15282.009765625
2024-04-20,64941.15,3147.67,579.6,148.8,0.5246,0.15825,0.4993,0.11132,2.627e-05,37.15,15.105,7.14,502.2,7.731,6.446,0.7135,84.16,5.95e-06,2.4196,15.093,,
2024-04-21,66819.32,3200.2,604.5,156.95,0.556,0.1612,0.5167,0.11223,2.689e-05,39.19,15.445,7.466,522.7,8.2,7.028,0.7422,85.39,6.88e-06,2.4694,15.073,,
2024-04-22,66414.0,3219.46,606.2,154.75,0.5445,0.15979,0.5,0.11322,2.682e-05,38.3,15.178,7.242,505.0,7.948,6.893,0.7291,85.02,7.68e-06,2.4499,14.462,5010.60009765625,15451.3095703125
2024-04-23,64289.59,3140.8,608.8,147.78,0.5275,0.15139,0.4746,0.11329,2.57e-05,36.37,14.536,6.931,479.4,7.72,6.86,0.7052,83.25,7.24e-06,2.2711,13.705,5070.5498046875,15696.6396484375
2024-04-24,64498.34,3155.8,613.2,144.84,0.5254,0.15127,0.4705,0.11722,2.571e-05,35.59,14.593,6.862,478.1,7.93,7.131,0.7203,83.78,7.78e-06,2.2976,13.776,5071.6298828125,15712.75
2024-04-25,63770.01,3131.3,598.0,139.23,0.5261,0.148,0.4631,0.12014,2.522e-05,34.42,14.49,6.764,482.4,7.703,6.93,0.7032,88.1,7.37e-06,2.1585,13.063,5048.419921875,15611.759765625
2024-04-26,63461.98,3255.56,596.2,141.31,0.5179,0.14776,0.4675,0.11975,2.478e-05,34.47,14.267,6.807,477.1,7.973,7.14,0.7329,83.88,7.21e-06,2.1862,13.311,5099.9599609375,15927.900390625
2024-04-27,63118.62,3263.45,600.2,137.99,0.5103,0.1467,0.4603,0.12124,2.423e-05,33.95,13.809,6.728,470.5,7.825,7.047,0.7213,83.99,7.23e-06,2.1603,13.58,,
2024-04-28,63866.0,3216.73,592.8,137.77,0.5151,0.14342,0.4571,0.11901,2.41e-05,35.28,14.074,6.587,465.1,7.689,6.865,0.7043,83.51,7.35e-06,2.1672,13.427,,
2024-04-29,60672.0,3014.05,578.4,126.77,0.5006,0.13339,0.4412,0.11956,2.239e-05,32.71,13.129,6.425,434.1,7.039,6.194,0.6673,79.49,6.67e-06,2.0226,12.878,5116.169921875,15983.080078125
2024-04-30,58364.97,2972.46,561.8,134.64,0.5175,0.13021,0.4501,0.12045,2.266e-05,33.33,13.347,6.899,424.8,7.047,6.14,0.6919,80.17,6.98e-06,2.0139,13.178,5035.68994140625,15657.8203125
2024-05-01,59060.61,2986.19,560.5,137.58,0.518,0.13189,0.4578,0.12226,2.279e-05,33.58,13.59,7.273,429.0,7.107,6.087,0.7205,80.02,7.54e-06,2.0017,13.51,5018.39013671875,15605.48046875
2024-05-02,62882.01,3102.61,587.0,143.69,0.5317,0.14604,0.4673,0.1227,2.444e-05,35.54,14.093,7.245,452.6,7.585,6.874,0.7322,81.85,8.08e-06,2.1722,13.607,5064.2001953125,15840.9599609375
2024-05-03,63892.04,3117.23,585.7,146.05,0.5302,0.16012,0.4633,0.12226,2.505e-05,37.36,14.316,7.122,462.8,7.531,6.864,0.7293,81.66,8.67e-06,2.159,13.164,5127.7900390625,16156.330078125
2024-05-04,64012.0,3136.41,592.0,145.73,0.5296,0.16098,0.458,0.12107,2.471e-05,37.35,14.371,7.302,469.0,7.587,7.49,0.7336,81.32,8.53e-06,2.3614,12.987,,
2024-05-05,63165.19,3062.6,588.2,152.82,0.5402,0.15648,0.4541,0.11864,2.388e-05,37.11,14.484,7.121,473.1,7.474,7.311,0.7099,80.79,8.35e-06,2.3783,12.804,,
2024-05-06,62312.08,3005.69,576.5,148.03,0.5245,0.14999,0.4414,0.12051,2.298e-05,35.31,13.997,6.993,470.9,7.396,7.118,0.6929,80.84,7.89e-06,2.3359,12.388,5180.740234375,16349.25
2024-05-07,61193.03,2974.21,588.6,142.18,0.5171,0.14324,0.4518,0.12293,2.254e-05,34.02,13.9,6.983,448.2,7.329,6.809,0.681,81.7,7.96e-06,2.1534,12.024,5187.7001953125,16332.5595703125
2024-05-08,63074.01,3036.23,596.8,152.57,0.5209,0.1522,0.4635,0.1262,2.348e-05,35.07,14.237,7.05,454.8,7.501,7.479,0.6944,83.08,8.53e-06,2.2618,12.169,5187.669921875,16302.759765625
2024-05-09,60799.99,2909.99,585.6,146.01,0.5022,0.14389,0.4479,0.12741,2.242e-05,33.71,13.564,6.746,426.6,7.107,7.253,0.6721,80.22,8.41e-06,2.2091,11.858,5214.080078125,16346.259765625
2024-05-10,60825.99,2912.45,592.2,145.42,0.5059,0.14306,0.439,0.12638,2.251e-05,33.49,13.306,6.659,429.5,7.036,7.021,0.6758,81.39,8.52e-06,2.192,11.875,5222.68017578125,16340.8701171875
2024-05-11,61483.99,2929.29,594.8,143.43,0.4993,0.14123,0.4377,0.12738,2.231e-05,33.14,13.559,6.617,433.0,7.064,6.887,0.6707,81.41,8.76e-06,2.1673,11.721,,
2024-05-12,62940.08,2950.99,591.7,147.54,0.5053,0.14864,0.4368,0.12561,2.336e-05,32.46,13.393,6.669,437.5,7.003,7.292,0.6634,80.62,9.92e-06,2.1234,11.789,,
2024-05-13,61577.49,2881.93,567.1,142.03,0.5002,0.14552,0.4285,0.12546,2.298e-05,31.58,12.98,6.485,429.1,6.787,7.022,0.6497,78.79,1.057e-05,2.002,11.832,5221.419921875,16388.240234375
2024-05-14,66206.5,3032.55,581.0,158.52,0.5188,0.15534,0.4524,0.12633,2.525e-05,34.66,13.865,6.961,463.7,7.364,8.052,0.686,82.45,1.05e-05,2.2567,12.487,5246.68017578125,16511.1796875
2024-05-15,65235.21,2944.7,569.2,159.37,0.5157,0.14972,0.4597,0.125,2.457e-05,34.46,15.516,7.025,444.8,7.293,8.021,0.6942,82.43,1.003e-05,2.2826,12.171,5308.14990234375,16742.390625
2024-05-16,67024.0,3092.01,580.9,169.44,0.5234,0.15555,0.4824,0.12434,2.502e-05,36.43,16.231,7.199,466.5,7.491,8.037,0.7135,84.14,1.018e-05,2.3467,13.101,5297.10009765625,16698.3203125
2024-05-17,66915.2,3122.94,580.3,172.4,0.5213,0.15302,0.482,0.12299,2.476e-05,37.24,16.329,7.157,475.4,7.86,7.921,0.7091,83.84,9.54e-06,2.2773,13.245,5303.27001953125,16685.970703125
2024-05-18,66274.01,3071.19,574.5,169.93,0.5096,0.14908,0.4672,0.12117,2.386e-05,35.6,16.56,6.931,484.9,7.642,7.777,0.683,82.4,9.16e-06,2.1995,12.616,,
2024-05-19,71446.62,3661.78,599.6,186.7,0.5377,0.16573,0.502,0.12442,2.607e-05,40.13,17.262,7.575,517.9,9.328,8.291,0.7506,88.64,1.141e-05,2.4251,13.558,,
2024-05-20,70148.34,3789.6,618.5,178.15,0.537,0.17024,0.4946,0.12361,2.612e-05,41.2,16.739,7.61,515.0,9.659,7.819,0.7292,88.26,1.384e-05,2.5282,13.309,5308.1298828125,16794.869140625
2024-05-21,69166.62,3737.73,614.8,176.95,0.5268,0.16628,0.4835,0.12007,2.533e-05,40.0,16.354,7.467,499.0,9.304,7.986,0.7232,85.78,1.338e-05,2.5385,12.822,5321.41015625,16832.619140625
2024-05-22,67969.65,3783.61,599.3,176.16,0.5289,0.15973,0.4656,0.11532,2.461e-05,38.52,16.596,7.2,491.2,9.088,7.695,0.7438,85.45,1.494e-05,2.362,12.29,5307.009765625,16801.5390625
2024-05-23,68549.99,3728.28,600.3,167.7,0.536,0.16386,0.4601,0.11547,2.44e-05,38.01,17.25,7.244,494.9,10.213,7.909,0.7236,85.0,1.415e-05,2.31,12.413,5267.83984375,16736.029296875
2024-05-24,69290.57,3749.26,602.4,168.35,0.5416,0.17402,0.4623,0.11378,2.508e-05,38.28,17.443,7.425,493.6,11.329,8.23,0.7293,84.98,1.497e-05,2.295,12.327,5304.72021484375,16920.7890625
2024-05-25,68507.67,3826.47,600.2,163.41,0.5283,0.16621,0.4581,0.11311,2.433e-05,36.76,17.042,7.557,484.0,11.167,7.814,0.716,83.9,1.603e-05,2.235,12.051,,
2024-05-26,69436.43,3894.22,603.9,170.15,0.534,0.16908,0.4683,0.1125,2.552e-05,38.26,18.786,7.64,489.6,11.056,7.827,0.7444,85.24,1.671e-05,2.303,12.388,,
2024-05-27,68398.39,3844.69,601.7,168.68,0.5287,0.16497,0.4576,0.11118,2.674e-05,37.02,18.528,7.37,470.4,11.107,7.707,0.7322,83.44,1.6e-05,2.235,12.105,,
2024-05-28,67652.42,3767.43,595.7,168.32,0.5238,0.16386,0.4512,0.1121,2.755e-05,36.2,18.453,7.178,465.8,10.443,7.586,0.715,83.59,1.476e-05,2.195,12.073,5306.0400390625,17019.880859375
2024-05-29,68352.17,3747.91,595.1,166.88,0.5186,0.15946,0.4465,0.11198,2.588e-05,35.98,17.944,6.998,465.1,10.758,7.285,0.6965,84.42,1.442e-05,2.184,11.962,5266.9501953125,16920.580078125
2024-05-30,67540.01,3762.29,593.7,165.65,0.5176,0.15898,0.447,0.11213,2.543e-05,36.02,18.414,6.984,454.8,9.957,7.246,0.6943,83.21,1.542e-05,2.138,11.853,5235.47998046875,16737.080078125
2024-05-31,67766.85,3815.82,601.9,166.14,0.5187,0.16031,0.4499,0.11262,2.526e-05,35.76,18.443,7.062,463.5,9.886,7.375,0.699,83.48,1.486e-05,2.111,12.083,5277.509765625,16735.01953125
2024-06-01,67765.63,3780.91,602.9,163.15,0.5135,0.1571,0.4465,0.11477,2.462e-05,34.91,18.143,6.988,458.3,9.422,7.192,0.6896,83.11,1.463e-05,2.085,11.86,,
2024-06-02,68809.9,3767.06,626.4,164.89,0.5199,0.15835,0.4573,0.11338,2.443e-05,35.03,17.629,7.009,464.9,9.493,7.121,0.7046,82.82,1.444e-05,2.139,11.983,,
2024-06-03,70537.84,3810.23,685.7,171.78,0.5257,0.16136,0.4615,0.11446,2.461e-05,36.06,17.716,7.177,477.0,11.466,7.42,0.715,83.65,1.436e-05,2.125,12.298,5283.39990234375,16828.669921875
2024-06-04,71108.0,3865.99,698.8,173.54,0.5258,0.16326,0.4613,0.11459,2.594e-05,36.57,17.741,7.251,495.2,11.162,7.658,0.7249,85.44,1.458e-05,2.156,12.33,5291.33984375,16857.05078125
2024-06-05,70799.06,3813.46,711.2,170.15,0.5215,0.16016,0.4582,0.11479,2.524e-05,35.89,17.248,7.144,496.1,10.619,7.33,0.7257,84.19,1.434e-05,2.044,12.087,5354.02978515625,17187.900390625
2024-06-06,69355.6,3678.32,684.0,162.5,0.4991,0.1482,0.4492,0.11268,2.369e-05,33.51,16.318,6.659,477.6,9.818,6.875,0.667,80.13,1.278e-05,1.849,11.525,5352.9599609375,17173.119140625
2024-06-07,69310.46,3681.57,682.7,157.83,0.4926,0.14588,0.4368,0.11479,2.321e-05,32.27,15.928,6.384,469.5,10.052,6.569,0.6497,79.97,1.211e-05,1.745,10.881,5346.990234375,17133.130859375
2024-06-08,69648.14,3706.4,673.0,162.12,0.4986,0.14679,0.4442,0.11688,2.349e-05,32.98,16.372,6.527,474.6,9.823,6.588,0.6552,80.49,1.276e-05,1.737,11.029,,
2024-06-09,69540.0,3667.85,625.1,159.05,0.4969,0.14478,0.4406,0.11763,2.291e-05,32.28,15.905,6.506,469.1,10.351,6.397,0.6498,79.66,1.208e-05,1.659,11.095,,
2024-06-10,67314.24,3497.33,602.5,149.31,0.4802,0.13806,0.422,0.11658,2.163e-05,31.55,14.988,6.378,446.2,8.978,6.064,0.6176,77.32,1.274e-05,1.537,10.08,5360.7900390625,17192.529296875
2024-06-11,68263.99,3560.12,619.4,155.22,0.4916,0.14621,0.4378,0.11649,2.221e-05,33.27,16.006,6.738,454.2,10.079,6.402,0.6447,78.5,1.321e-05,1.717,10.498,5375.31982421875,17343.55078125
2024-06-12,66773.01,3469.4,599.8,147.29,0.4769,0.1411,0.421,0.11696,2.118e-05,30.99,15.141,6.359,431.7,10.164,5.921,0.6048,79.15,1.192e-05,1.588,9.823,5421.02978515625,17608.439453125
2024-06-13,66043.99,3481.8,603.3,143.05,0.4746,0.13499,0.412,0.1165,2.029e-05,30.29,14.744,6.163,422.9,10.431,5.588,0.5917,77.61,1.138e-05,1.48,9.305,5433.740234375,17667.560546875
2024-06-14,66228.25,3568.74,608.2,145.52,0.4908,0.13677,0.414,0.1153,2.077e-05,30.01,14.857,6.223,430.1,11.52,5.606,0.6172,79.23,1.185e-05,1.459,9.106,5431.60009765625,17688.880859375
2024-06-15,66676.87,3624.41,610.8,151.3,0.4891,0.13713,0.4168,0.1173,2.095e-05,30.08,15.144,6.396,428.4,11.984,5.64,0.6195,78.98,1.231e-05,1.473,9.62,,
2024-06-16,66504.33,3511.46,604.3,143.27,0.5047,0.12879,0.4013,0.11678,1.932e-05,28.47,14.523,6.069,419.7,10.61,5.167,0.5843,76.59,1.117e-05,1.319,8.873,,
2024-06-17,65175.32,3483.42,588.6,137.41,0.491,0.12225,0.3837,0.11544,1.809e-05,26.6,13.986,5.771,389.2,9.766,4.727,0.5574,72.66,1.096e-05,1.194,8.118,5473.22998046875,17857.01953125
2024-06-18,64974.37,3560.51,599.3,135.62,0.4933,0.12247,0.3844,0.11582,1.812e-05,26.94,14.345,5.799,388.9,9.954,4.962,0.5769,73.77,1.136e-05,1.505,8.38,5487.02978515625,17862.23046875
2024-06-19,64869.99,3513.08,587.7,133.55,0.4888,0.12455,0.3844,0.11679,1.804e-05,27.58,14.255,5.642,389.8,10.029,5.162,0.5736,74.69,1.099e-05,1.608,8.265,,
2024-06-20,64143.56,3518.5,586.1,134.6,0.4889,0.12418,0.376,0.11835,1.787e-05,27.48,13.848,5.611,383.0,9.81,5.406,0.5687,74.17,1.141e-05,1.589,8.392,5473.169921875,17721.58984375
2024-06-21,64262.01,3495.75,591.1,133.69,0.4866,0.12375,0.3846,0.11966,1.799e-05,25.61,13.482,5.751,392.1,9.843,5.184,0.571,74.61,1.143e-05,1.471,8.188,5464.6201171875,17689.359375
2024-06-22,63210.01,3420.91,577.5,128.69,0.4797,0.12222,0.38,0.11924,1.753e-05,25.09,13.194,5.652,381.1,9.772,5.195,0.5615,73.37,1.092e-05,1.401,7.887,,
2024-06-23,60293.3,3352.73,568.1,132.33,0.474,0.11902,0.3777,0.11909,1.704e-05,24.8,13.617,5.729,363.8,9.325,5.371,0.5614,69.68,1.131e-05,1.633,8.02,,
2024-06-24,61116.02,3372.36,572.5,135.8,0.4757,0.12255,0.389,0.12073,1.731e-05,25.19,13.961,5.799,374.6,9.443,5.572,0.5668,70.5,1.162e-05,1.675,8.127,,
